site,reading,datetime,temp_C,rh_perc,dewpoint_C
sel_anc,1,6/29/2011 5:00,23.905,100,23.692
sel_anc,2,6/29/2011 5:10,23.905,100,23.692
sel_anc,3,6/29/2011 5:20,24.05,100,23.843
sel_anc,4,6/29/2011 5:30,23.665,100,23.447
sel_anc,5,6/29/2011 5:40,23.761,100,23.563
sel_anc,6,6/29/2011 5:50,23.689,100,23.495
sel_anc,7,6/29/2011 6:00,23.689,100,23.495
sel_anc,8,6/29/2011 6:10,23.761,100,23.578
sel_anc,9,6/29/2011 6:20,23.713,100,23.527
sel_anc,10,6/29/2011 6:30,23.737,100,23.553
sel_anc,11,6/29/2011 6:40,23.809,100,23.621
sel_anc,12,6/29/2011 6:50,23.881,100,23.704
sel_anc,13,6/29/2011 7:00,23.713,100,23.524
sel_anc,14,6/29/2011 7:10,23.761,100,23.585
sel_anc,15,6/29/2011 7:20,23.785,100,23.61
sel_anc,16,6/29/2011 7:30,23.713,100,23.542
sel_anc,17,6/29/2011 7:40,23.833,100,23.668
sel_anc,18,6/29/2011 7:50,23.881,100,23.715
sel_anc,19,6/29/2011 8:00,24.002,100,23.844
sel_anc,20,6/29/2011 8:10,23.905,100,23.736
sel_anc,21,6/29/2011 8:20,23.809,100,23.643
sel_anc,22,6/29/2011 8:30,23.954,100,23.794
sel_anc,23,6/29/2011 8:40,24.074,100,23.916
sel_anc,24,6/29/2011 8:50,24.05,100,23.895
sel_anc,25,6/29/2011 9:00,24.146,100,23.996
sel_anc,26,6/29/2011 9:10,24.315,100,24.165
sel_anc,27,6/29/2011 9:20,24.798,100,24.648
sel_anc,28,6/29/2011 9:30,24.992,100,24.843
sel_anc,29,6/29/2011 9:40,25.137,100,24.988
sel_anc,30,6/29/2011 9:50,25.525,100,25.371
sel_anc,31,6/29/2011 10:00,25.355,100,25.171
sel_anc,32,6/29/2011 10:10,25.55,100,25.389
sel_anc,33,6/29/2011 10:20,25.768,100,25.63
sel_anc,34,6/29/2011 10:30,25.914,100,25.748
sel_anc,35,6/29/2011 10:40,25.914,100,25.722
sel_anc,36,6/29/2011 10:50,25.987,100,25.817
sel_anc,37,6/29/2011 11:00,26.061,100,25.825
sel_anc,38,6/29/2011 11:10,26.256,100,26.094
sel_anc,39,6/29/2011 11:20,26.353,100,26.177
sel_anc,40,6/29/2011 11:30,26.231,100,25.926
sel_anc,41,6/29/2011 11:40,26.549,100,26.285
sel_anc,42,6/29/2011 11:50,26.451,100,26.256
sel_anc,43,6/29/2011 12:00,26.426,100,26.223
sel_anc,44,6/29/2011 12:10,26.573,100,26.384
sel_anc,45,6/29/2011 12:20,26.695,100,26.403
sel_anc,46,6/29/2011 12:30,26.646,100,26.391
sel_anc,47,6/29/2011 12:40,26.622,100,26.404
sel_anc,48,6/29/2011 12:50,26.5,100,26.284
sel_anc,49,6/29/2011 13:00,26.304,100,26.118
sel_anc,50,6/29/2011 13:10,26.329,100,26.167
sel_anc,51,6/29/2011 13:20,25.647,100,25.338
sel_anc,52,6/29/2011 13:30,25.477,100,25.268
sel_anc,53,6/29/2011 13:40,25.525,100,25.311
sel_anc,54,6/29/2011 13:50,25.841,100,25.626
sel_anc,55,6/29/2011 14:00,26.256,100,26.013
sel_anc,56,6/29/2011 14:10,26.353,100,26.088
sel_anc,57,6/29/2011 14:20,26.622,100,26.389
sel_anc,58,6/29/2011 14:30,26.109,98.978,25.614
sel_anc,59,6/29/2011 14:40,26.231,98.984,25.737
sel_anc,60,6/29/2011 14:50,26.378,98.435,25.802
sel_anc,61,6/29/2011 15:00,26.524,99.727,26.142
sel_anc,62,6/29/2011 15:10,26.451,99.787,26.077
sel_anc,63,6/29/2011 15:20,26.622,100,26.358
sel_anc,64,6/29/2011 15:30,26.695,100,26.458
sel_anc,65,6/29/2011 15:40,26.646,100,26.418
sel_anc,66,6/29/2011 15:50,26.573,100,26.341
sel_anc,67,6/29/2011 16:00,26.598,100,26.363
sel_anc,68,6/29/2011 16:10,26.72,100,26.518
sel_anc,69,6/29/2011 16:20,26.793,100,26.576
sel_anc,70,6/29/2011 16:30,25.987,100,25.698
sel_anc,71,6/29/2011 16:40,24.412,100,24.221
sel_anc,72,6/29/2011 16:50,24.484,100,24.319
sel_anc,73,6/29/2011 17:00,24.605,100,24.468
sel_anc,74,6/29/2011 17:10,24.774,100,24.634
sel_anc,75,6/29/2011 17:20,24.75,100,24.616
sel_anc,76,6/29/2011 17:30,24.895,100,24.776
sel_anc,77,6/29/2011 17:40,24.895,100,24.772
sel_anc,78,6/29/2011 17:50,24.895,100,24.779
sel_anc,79,6/29/2011 18:00,24.823,100,24.703
sel_anc,80,6/29/2011 18:10,24.823,100,24.711
sel_anc,81,6/29/2011 18:20,24.798,100,24.685
sel_anc,82,6/29/2011 18:30,24.677,100,24.566
sel_anc,83,6/29/2011 18:40,24.653,100,24.548
sel_anc,84,6/29/2011 18:50,24.629,100,24.531
sel_anc,85,6/29/2011 19:00,24.629,100,24.531
sel_anc,86,6/29/2011 19:10,24.557,100,24.455
sel_anc,87,6/29/2011 19:20,24.557,100,24.455
sel_anc,88,6/29/2011 19:30,24.484,100,24.39
sel_anc,89,6/29/2011 19:40,24.581,100,24.491
sel_anc,90,6/29/2011 19:50,24.532,100,24.444
sel_anc,91,6/29/2011 20:00,24.388,100,24.293
sel_anc,92,6/29/2011 20:10,24.484,100,24.401
sel_anc,93,6/29/2011 20:20,24.388,100,24.304
sel_anc,94,6/29/2011 20:30,24.484,100,24.408
sel_anc,95,6/29/2011 20:40,24.315,100,24.228
sel_anc,96,6/29/2011 20:50,24.363,100,24.282
sel_anc,97,6/29/2011 21:00,24.363,100,24.289
sel_anc,98,6/29/2011 21:10,24.291,100,24.214
sel_anc,99,6/29/2011 21:20,24.291,100,24.214
sel_anc,100,6/29/2011 21:30,24.243,100,24.17
sel_anc,101,6/29/2011 21:40,24.291,100,24.214
sel_anc,102,6/29/2011 21:50,24.291,100,24.221
sel_anc,103,6/29/2011 22:00,24.219,100,24.145
sel_anc,104,6/29/2011 22:10,24.315,100,24.246
sel_anc,105,6/29/2011 22:20,24.146,100,24.077
sel_anc,106,6/29/2011 22:30,24.171,100,24.102
sel_anc,107,6/29/2011 22:40,24.267,100,24.203
sel_anc,108,6/29/2011 22:50,24.146,100,24.077
sel_anc,109,6/29/2011 23:00,24.243,100,24.181
sel_anc,110,6/29/2011 23:10,24.122,100,24.059
sel_anc,111,6/29/2011 23:20,24.243,100,24.185
sel_anc,112,6/29/2011 23:30,24.146,100,24.084
sel_anc,113,6/29/2011 23:40,24.122,100,24.059
sel_anc,114,6/29/2011 23:50,24.098,100,24.037
sel_anc,115,6/30/2011 0:00,24.05,100,23.991
sel_anc,116,6/30/2011 0:10,24.002,100,23.944
sel_anc,117,6/30/2011 0:20,24.002,100,23.947
sel_anc,118,6/30/2011 0:30,23.978,100,23.922
sel_anc,119,6/30/2011 0:40,23.954,100,23.897
sel_anc,120,6/30/2011 0:50,23.93,100,23.872
sel_anc,121,6/30/2011 1:00,23.954,100,23.897
sel_anc,122,6/30/2011 1:10,23.905,100,23.85
sel_anc,123,6/30/2011 1:20,24.026,100,23.976
sel_anc,124,6/30/2011 1:30,23.905,100,23.854
sel_anc,125,6/30/2011 1:40,23.93,100,23.879
sel_anc,126,6/30/2011 1:50,24.002,100,23.955
sel_anc,127,6/30/2011 2:00,23.93,100,23.883
sel_anc,128,6/30/2011 2:10,23.881,100,23.836
sel_anc,129,6/30/2011 2:20,24.026,100,23.98
sel_anc,130,6/30/2011 2:30,23.978,100,23.937
sel_anc,131,6/30/2011 2:40,23.905,100,23.861
sel_anc,132,6/30/2011 2:50,23.761,100,23.71
sel_anc,133,6/30/2011 3:00,23.713,100,23.667
sel_anc,134,6/30/2011 3:10,23.737,100,23.692
sel_anc,135,6/30/2011 3:20,23.617,100,23.573
sel_anc,136,6/30/2011 3:30,23.545,100,23.498
sel_anc,137,6/30/2011 3:40,23.665,100,23.624
sel_anc,138,6/30/2011 3:50,23.593,100,23.548
sel_anc,139,6/30/2011 4:00,23.617,100,23.58
sel_anc,140,6/30/2011 4:10,23.617,100,23.58
sel_anc,141,6/30/2011 4:20,23.641,100,23.606
sel_anc,142,6/30/2011 4:30,23.617,100,23.58
sel_anc,143,6/30/2011 4:40,23.665,100,23.631
sel_anc,144,6/30/2011 4:50,23.593,100,23.555
sel_anc,145,6/30/2011 5:00,23.641,100,23.606
sel_anc,146,6/30/2011 5:10,23.665,100,23.631
sel_anc,147,6/30/2011 5:20,23.472,100,23.437
sel_anc,148,6/30/2011 5:30,23.472,100,23.437
sel_anc,149,6/30/2011 5:40,23.256,100,23.217
sel_anc,150,6/30/2011 5:50,23.256,100,23.217
sel_anc,151,6/30/2011 6:00,23.472,100,23.444
sel_anc,152,6/30/2011 6:10,23.376,100,23.347
sel_anc,153,6/30/2011 6:20,23.521,100,23.494
sel_anc,154,6/30/2011 6:30,23.521,100,23.491
sel_anc,155,6/30/2011 6:40,23.665,100,23.638
sel_anc,156,6/30/2011 6:50,23.761,100,23.732
sel_anc,157,6/30/2011 7:00,23.954,100,23.926
sel_anc,158,6/30/2011 7:10,24.098,100,24.077
sel_anc,159,6/30/2011 7:20,24.363,100,24.341
sel_anc,160,6/30/2011 7:30,24.532,100,24.507
sel_anc,161,6/30/2011 7:40,24.702,100,24.68
sel_anc,162,6/30/2011 7:50,24.871,100,24.85
sel_anc,163,6/30/2011 8:00,25.065,100,25.038
sel_anc,164,6/30/2011 8:10,25.137,100,25.115
sel_anc,165,6/30/2011 8:20,25.258,100,25.234
sel_anc,166,6/30/2011 8:30,25.355,100,25.325
sel_anc,167,6/30/2011 8:40,25.647,100,25.619
sel_anc,168,6/30/2011 8:50,25.453,100,25.408
sel_anc,169,6/30/2011 9:00,25.525,100,25.495
sel_anc,170,6/30/2011 9:10,25.623,100,25.593
sel_anc,171,6/30/2011 9:20,25.744,100,25.713
sel_anc,172,6/30/2011 9:30,25.695,100,25.625
sel_anc,173,6/30/2011 9:40,26.012,100,25.903
sel_anc,174,6/30/2011 9:50,25.987,100,25.885
sel_anc,175,6/30/2011 10:00,26.231,100,26.144
sel_anc,176,6/30/2011 10:10,26.353,100,26.23
sel_anc,177,6/30/2011 10:20,26.549,100,26.435
sel_anc,178,6/30/2011 10:30,26.353,100,26.123
sel_anc,179,6/30/2011 10:40,26.426,99.78,26.052
sel_anc,180,6/30/2011 10:50,26.671,100,26.366
sel_anc,181,6/30/2011 11:00,27.136,100,26.849
sel_anc,182,6/30/2011 11:10,27.014,97.368,26.278
sel_anc,183,6/30/2011 11:20,27.308,96.986,26.515
sel_anc,184,6/30/2011 11:30,27.407,98.062,26.778
sel_anc,185,6/30/2011 11:40,27.431,95.229,26.363
sel_anc,186,6/30/2011 11:50,27.653,96.263,26.747
sel_anc,187,6/30/2011 12:00,27.481,95.323,26.427
sel_anc,188,6/30/2011 12:10,27.825,96.551,26.965
sel_anc,189,6/30/2011 12:20,27.628,97.419,26.902
sel_anc,190,6/30/2011 12:30,27.653,98.529,27.096
sel_anc,191,6/30/2011 12:40,27.85,97.369,27.116
sel_anc,192,6/30/2011 12:50,27.899,98.513,27.341
sel_anc,193,6/30/2011 13:00,27.899,96.705,27.063
sel_anc,194,6/30/2011 13:10,27.85,95.987,26.901
sel_anc,195,6/30/2011 13:20,27.949,93.306,26.572
sel_anc,196,6/30/2011 13:30,27.776,96.944,26.977
sel_anc,197,6/30/2011 13:40,27.751,98.689,27.219
sel_anc,198,6/30/2011 13:50,27.628,98.442,27.058
sel_anc,199,6/30/2011 14:00,27.702,97.816,27.037
sel_anc,200,6/30/2011 14:10,27.776,97.647,27.085
sel_anc,201,6/30/2011 14:20,27.949,99.224,27.499
sel_anc,202,6/30/2011 14:30,27.727,98.334,27.141
sel_anc,203,6/30/2011 14:40,27.431,99.542,27.026
sel_anc,204,6/30/2011 14:50,27.431,100,27.138
sel_anc,205,6/30/2011 15:00,27.382,100,27.125
sel_anc,206,6/30/2011 15:10,27.333,100,27.015
sel_anc,207,6/30/2011 15:20,27.259,100,26.962
sel_anc,208,6/30/2011 15:30,27.235,100,26.92
sel_anc,209,6/30/2011 15:40,27.136,100,26.833
sel_anc,210,6/30/2011 15:50,27.038,98.93,26.54
sel_anc,211,6/30/2011 16:00,26.94,99.864,26.581
sel_anc,212,6/30/2011 16:10,26.842,100,26.533
sel_anc,213,6/30/2011 16:20,26.769,98.993,26.278
sel_anc,214,6/30/2011 16:30,26.622,97.803,25.952
sel_anc,215,6/30/2011 16:40,26.353,98.376,25.769
sel_anc,216,6/30/2011 16:50,26.231,97.272,25.479
sel_anc,217,6/30/2011 17:00,25.939,99.305,25.491
sel_anc,218,6/30/2011 17:10,25.963,99.019,25.473
sel_anc,219,6/30/2011 17:20,25.89,99.478,25.468
sel_anc,220,6/30/2011 17:30,25.72,99.061,25.235
sel_anc,221,6/30/2011 17:40,25.623,98.902,25.114
sel_anc,222,6/30/2011 17:50,25.525,98.797,25.001
sel_anc,223,6/30/2011 18:00,25.307,100,24.96
sel_anc,224,6/30/2011 18:10,25.258,100,24.982
sel_anc,225,6/30/2011 18:20,25.089,100,24.831
sel_anc,226,6/30/2011 18:30,24.992,100,24.776
sel_anc,227,6/30/2011 18:40,24.75,100,24.545
sel_anc,228,6/30/2011 18:50,24.677,100,24.477
sel_anc,229,6/30/2011 19:00,24.677,100,24.514
sel_anc,230,6/30/2011 19:10,24.653,100,24.534
sel_anc,231,6/30/2011 19:20,24.557,100,24.41
sel_anc,232,6/30/2011 19:30,24.508,100,24.374
sel_anc,233,6/30/2011 19:40,24.46,100,24.339
sel_anc,234,6/30/2011 19:50,24.484,100,24.379
sel_anc,235,6/30/2011 20:00,24.46,100,24.354
sel_anc,236,6/30/2011 20:10,24.46,100,24.346
sel_anc,237,6/30/2011 20:20,24.484,100,24.386
sel_anc,238,6/30/2011 20:30,24.339,100,24.22
sel_anc,239,6/30/2011 20:40,24.363,100,24.253
sel_anc,240,6/30/2011 20:50,24.339,100,24.227
sel_anc,241,6/30/2011 21:00,24.243,100,24.126
sel_anc,242,6/30/2011 21:10,24.195,100,24.091
sel_anc,243,6/30/2011 21:20,24.243,100,24.137
sel_anc,244,6/30/2011 21:30,24.195,100,24.091
sel_anc,245,6/30/2011 21:40,24.146,100,24.04
sel_anc,246,6/30/2011 21:50,24.219,100,24.142
sel_anc,247,6/30/2011 22:00,24.243,100,24.156
sel_anc,248,6/30/2011 22:10,24.219,100,24.145
sel_anc,249,6/30/2011 22:20,24.171,100,24.095
sel_anc,250,6/30/2011 22:30,24.219,100,24.145
sel_anc,251,6/30/2011 22:40,24.219,100,24.145
sel_anc,252,6/30/2011 22:50,24.122,100,24.03
sel_anc,253,6/30/2011 23:00,24.002,100,23.918
sel_anc,254,6/30/2011 23:10,23.881,100,23.788
sel_anc,255,6/30/2011 23:20,23.833,100,23.756
sel_anc,256,6/30/2011 23:30,23.761,100,23.681
sel_anc,257,6/30/2011 23:40,23.737,100,23.663
sel_anc,258,6/30/2011 23:50,23.713,100,23.648
sel_anc,259,7/1/2011 0:00,23.665,100,23.591
sel_anc,260,7/1/2011 0:10,23.641,100,23.555
sel_anc,261,7/1/2011 0:20,23.545,100,23.472
sel_anc,262,7/1/2011 0:30,23.569,100,23.501
sel_anc,263,7/1/2011 0:40,23.521,100,23.451
sel_anc,264,7/1/2011 0:50,23.545,100,23.483
sel_anc,265,7/1/2011 1:00,23.521,100,23.451
sel_anc,266,7/1/2011 1:10,23.472,100,23.415
sel_anc,267,7/1/2011 1:20,23.4,100,23.339
sel_anc,268,7/1/2011 1:30,23.448,100,23.393
sel_anc,269,7/1/2011 1:40,23.424,100,23.365
sel_anc,270,7/1/2011 1:50,23.4,100,23.339
sel_anc,271,7/1/2011 2:00,23.448,100,23.382
sel_anc,272,7/1/2011 2:10,23.424,100,23.372
sel_anc,273,7/1/2011 2:20,23.4,100,23.354
sel_anc,274,7/1/2011 2:30,23.352,100,23.289
sel_anc,275,7/1/2011 2:40,23.28,100,23.221
sel_anc,276,7/1/2011 2:50,23.376,100,23.329
sel_anc,277,7/1/2011 3:00,23.376,100,23.329
sel_anc,278,7/1/2011 3:10,23.328,100,23.268
sel_anc,279,7/1/2011 3:20,23.232,100,23.185
sel_anc,280,7/1/2011 3:30,23.232,100,23.181
sel_anc,281,7/1/2011 3:40,23.28,100,23.25
sel_anc,282,7/1/2011 3:50,23.256,100,23.225
sel_anc,283,7/1/2011 4:00,23.136,100,23.085
sel_anc,284,7/1/2011 4:10,23.16,100,23.124
sel_anc,285,7/1/2011 4:20,23.184,100,23.146
sel_anc,286,7/1/2011 4:30,23.208,100,23.167
sel_anc,287,7/1/2011 4:40,23.136,100,23.085
sel_anc,288,7/1/2011 4:50,23.04,100,22.991
sel_anc,289,7/1/2011 5:00,23.04,100,22.998
sel_anc,290,7/1/2011 5:10,23.04,100,22.998
sel_anc,291,7/1/2011 5:20,23.064,100,23.016
sel_anc,292,7/1/2011 5:30,23.088,100,23.041
sel_anc,293,7/1/2011 5:40,23.184,100,23.149
sel_anc,294,7/1/2011 5:50,23.112,100,23.067
sel_anc,295,7/1/2011 6:00,23.28,100,23.25
sel_anc,296,7/1/2011 6:10,23.28,100,23.243
sel_anc,297,7/1/2011 6:20,23.256,100,23.196
sel_anc,298,7/1/2011 6:30,23.352,100,23.307
sel_anc,299,7/1/2011 6:40,23.4,100,23.339
sel_anc,300,7/1/2011 6:50,23.617,100,23.559
sel_anc,301,7/1/2011 7:00,23.785,100,23.72
sel_anc,302,7/1/2011 7:10,23.954,100,23.893
sel_anc,303,7/1/2011 7:20,24.171,100,24.117
sel_anc,304,7/1/2011 7:30,24.315,100,24.246
sel_anc,305,7/1/2011 7:40,24.774,86.425,22.272
sel_anc,306,7/1/2011 7:50,22.992,77.533,18.909
sel_anc,307,7/1/2011 8:00,23.04,76.389,18.734
sel_anc,308,7/1/2011 8:10,23.088,75.618,18.63
sel_anc,309,7/1/2011 8:20,23.136,72.361,18.02
sel_anc,310,7/1/2011 8:30,23.376,69.277,17.599
sel_anc,311,7/1/2011 8:40,23.448,71.361,18.112
sel_anc,312,7/1/2011 8:50,23.448,69.141,17.638
sel_anc,313,7/1/2011 9:00,23.521,66.916,17.216
sel_anc,314,7/1/2011 9:10,23.857,67.873,17.752
sel_anc,315,7/1/2011 9:20,23.641,66.337,17.2
sel_anc,316,7/1/2011 9:30,23.785,65.037,17.04
sel_anc,317,7/1/2011 9:40,24.122,65.275,17.416
sel_anc,318,7/1/2011 9:50,23.978,64.888,17.188
sel_anc,319,7/1/2011 10:00,23.881,62.596,16.554
sel_anc,320,7/1/2011 10:10,24.243,62.717,16.926
sel_anc,321,7/1/2011 10:20,24.243,62.656,16.911
sel_anc,322,7/1/2011 10:30,24.363,60.686,16.541
sel_anc,323,7/1/2011 10:40,24.46,60.978,16.705
sel_anc,324,7/1/2011 10:50,24.315,60.464,16.44
sel_anc,325,7/1/2011 11:00,24.291,59.691,16.222
sel_anc,326,7/1/2011 11:10,24.412,58.444,16.016
sel_anc,327,7/1/2011 11:20,24.46,58.482,16.071
sel_anc,328,7/1/2011 11:30,24.195,57.792,15.642
sel_anc,329,7/1/2011 11:40,24.484,58.238,16.03
sel_anc,330,7/1/2011 11:50,24.388,56.516,15.484
sel_anc,331,7/1/2011 12:00,24.581,56.731,15.723
sel_anc,332,7/1/2011 12:10,24.388,56.017,15.35
sel_anc,333,7/1/2011 12:20,24.532,56.444,15.601
sel_anc,334,7/1/2011 12:30,24.315,56.785,15.489
sel_anc,335,7/1/2011 12:40,24.291,56.439,15.374
sel_anc,336,7/1/2011 12:50,24.363,56.792,15.536
sel_anc,337,7/1/2011 13:00,24.122,56.725,15.292
sel_anc,338,7/1/2011 13:10,24.146,56.324,15.208
sel_anc,339,7/1/2011 13:20,24.195,59.861,16.174
sel_anc,340,7/1/2011 13:30,24.291,57.527,15.663
sel_eur,1,6/29/2011 5:00,24.026,100,23.836
sel_eur,2,6/29/2011 5:10,24.05,100,23.869
sel_eur,3,6/29/2011 5:20,24.026,100,23.847
sel_eur,4,6/29/2011 5:30,23.809,100,23.628
sel_eur,5,6/29/2011 5:40,23.954,100,23.79
sel_eur,6,6/29/2011 5:50,23.857,100,23.693
sel_eur,7,6/29/2011 6:00,23.809,100,23.647
sel_eur,8,6/29/2011 6:10,23.785,100,23.629
sel_eur,9,6/29/2011 6:20,23.833,100,23.683
sel_eur,10,6/29/2011 6:30,23.905,100,23.758
sel_eur,11,6/29/2011 6:40,23.93,100,23.784
sel_eur,12,6/29/2011 6:50,23.881,100,23.733
sel_eur,13,6/29/2011 7:00,23.978,100,23.838
sel_eur,14,6/29/2011 7:10,23.905,100,23.773
sel_eur,15,6/29/2011 7:20,23.785,100,23.655
sel_eur,16,6/29/2011 7:30,23.809,100,23.691
sel_eur,17,6/29/2011 7:40,24.002,100,23.889
sel_eur,18,6/29/2011 7:50,24.05,100,23.939
sel_eur,19,6/29/2011 8:00,24.122,100,24.015
sel_eur,20,6/29/2011 8:10,24.05,100,23.935
sel_eur,21,6/29/2011 8:20,23.978,100,23.871
sel_eur,22,6/29/2011 8:30,24.171,100,24.069
sel_eur,23,6/29/2011 8:40,24.05,100,23.939
sel_eur,24,6/29/2011 8:50,24.146,100,24.051
sel_eur,25,6/29/2011 9:00,24.363,100,24.275
sel_eur,26,6/29/2011 9:10,24.508,100,24.423
sel_eur,27,6/29/2011 9:20,25.258,100,25.186
sel_eur,28,6/29/2011 9:30,25.137,100,25.044
sel_eur,29,6/29/2011 9:40,25.38,100,25.294
sel_eur,30,6/29/2011 9:50,25.841,100,25.763
sel_eur,31,6/29/2011 10:00,25.574,100,25.49
sel_eur,32,6/29/2011 10:10,25.817,100,25.737
sel_eur,33,6/29/2011 10:20,26.109,100,26.036
sel_eur,34,6/29/2011 10:30,26.329,100,26.243
sel_eur,35,6/29/2011 10:40,26.304,100,26.217
sel_eur,36,6/29/2011 10:50,26.158,100,26.064
sel_eur,37,6/29/2011 11:00,26.622,100,26.539
sel_eur,38,6/29/2011 11:10,27.038,100,26.944
sel_eur,39,6/29/2011 11:20,26.622,100,26.542
sel_eur,40,6/29/2011 11:30,27.382,100,27.316
sel_eur,41,6/29/2011 11:40,26.818,100,26.655
sel_eur,42,6/29/2011 11:50,26.646,100,26.56
sel_eur,43,6/29/2011 12:00,26.72,100,26.641
sel_eur,44,6/29/2011 12:10,27.136,100,27.066
sel_eur,45,6/29/2011 12:20,28.419,100,28.262
sel_eur,46,6/29/2011 12:30,27.407,100,27.147
sel_eur,47,6/29/2011 12:40,27.161,100,27.073
sel_eur,48,6/29/2011 12:50,26.72,100,26.63
sel_eur,49,6/29/2011 13:00,26.598,100,26.509
sel_eur,50,6/29/2011 13:10,26.451,100,26.375
sel_eur,51,6/29/2011 13:20,25.89,100,25.776
sel_eur,52,6/29/2011 13:30,25.987,100,25.904
sel_eur,53,6/29/2011 13:40,26.378,100,26.309
sel_eur,54,6/29/2011 13:50,26.744,100,26.671
sel_eur,55,6/29/2011 14:00,26.891,100,26.798
sel_eur,56,6/29/2011 14:10,26.867,100,26.776
sel_eur,57,6/29/2011 14:20,27.063,100,26.974
sel_eur,58,6/29/2011 14:30,26.842,100,26.735
sel_eur,59,6/29/2011 14:40,26.818,100,26.725
sel_eur,60,6/29/2011 14:50,26.695,100,26.566
sel_eur,61,6/29/2011 15:00,26.867,100,26.776
sel_eur,62,6/29/2011 15:10,26.867,100,26.799
sel_eur,63,6/29/2011 15:20,26.818,100,26.709
sel_eur,64,6/29/2011 15:30,26.842,100,26.769
sel_eur,65,6/29/2011 15:40,26.842,100,26.773
sel_eur,66,6/29/2011 15:50,26.891,100,26.84
sel_eur,67,6/29/2011 16:00,26.842,100,26.796
sel_eur,68,6/29/2011 16:10,26.842,100,26.792
sel_eur,69,6/29/2011 16:20,27.087,100,27.034
sel_eur,70,6/29/2011 16:30,26.451,100,26.359
sel_eur,71,6/29/2011 16:40,24.653,100,24.519
sel_eur,72,6/29/2011 16:50,24.774,100,24.719
sel_eur,73,6/29/2011 17:00,24.774,100,24.734
sel_eur,74,6/29/2011 17:10,24.968,100,24.937
sel_eur,75,6/29/2011 17:20,24.919,100,24.886
sel_eur,76,6/29/2011 17:30,25.04,100,25.013
sel_eur,77,6/29/2011 17:40,24.992,100,24.962
sel_eur,78,6/29/2011 17:50,24.919,100,24.894
sel_eur,79,6/29/2011 18:00,25.04,100,25.028
sel_eur,80,6/29/2011 18:10,24.944,100,24.919
sel_eur,81,6/29/2011 18:20,24.798,100,24.774
sel_eur,82,6/29/2011 18:30,24.847,100,24.832
sel_eur,83,6/29/2011 18:40,24.871,100,24.858
sel_eur,84,6/29/2011 18:50,24.774,100,24.764
sel_eur,85,6/29/2011 19:00,24.798,100,24.793
sel_eur,86,6/29/2011 19:10,24.75,100,24.738
sel_eur,87,6/29/2011 19:20,24.726,100,24.72
sel_eur,88,6/29/2011 19:30,24.677,100,24.67
sel_eur,89,6/29/2011 19:40,24.605,100,24.601
sel_eur,90,6/29/2011 19:50,24.823,100,24.829
sel_eur,91,6/29/2011 20:00,24.726,100,24.731
sel_eur,92,6/29/2011 20:10,24.557,100,24.565
sel_eur,93,6/29/2011 20:20,24.484,100,24.489
sel_eur,94,6/29/2011 20:30,24.508,100,24.522
sel_eur,95,6/29/2011 20:40,24.46,100,24.471
sel_eur,96,6/29/2011 20:50,24.388,100,24.403
sel_eur,97,6/29/2011 21:00,24.532,100,24.554
sel_eur,98,6/29/2011 21:10,24.291,100,24.309
sel_eur,99,6/29/2011 21:20,24.412,100,24.439
sel_eur,100,6/29/2011 21:30,24.508,100,24.536
sel_eur,101,6/29/2011 21:40,24.388,100,24.417
sel_eur,102,6/29/2011 21:50,24.388,100,24.417
sel_eur,103,6/29/2011 22:00,24.339,100,24.37
sel_eur,104,6/29/2011 22:10,24.532,100,24.567
sel_eur,105,6/29/2011 22:20,24.315,100,24.349
sel_eur,106,6/29/2011 22:30,24.436,100,24.468
sel_eur,107,6/29/2011 22:40,24.436,100,24.468
sel_eur,108,6/29/2011 22:50,24.243,100,24.273
sel_eur,109,6/29/2011 23:00,24.412,100,24.446
sel_eur,110,6/29/2011 23:10,24.195,100,24.226
sel_eur,111,6/29/2011 23:20,24.267,100,24.301
sel_eur,112,6/29/2011 23:30,24.291,100,24.325
sel_eur,113,6/29/2011 23:40,24.171,100,24.204
sel_eur,114,6/29/2011 23:50,24.195,100,24.228
sel_eur,115,6/30/2011 0:00,24.436,100,24.47
sel_eur,116,6/30/2011 0:10,24.412,100,24.446
sel_eur,117,6/30/2011 0:20,24.122,100,24.156
sel_eur,118,6/30/2011 0:30,24.388,100,24.422
sel_eur,119,6/30/2011 0:40,24.122,100,24.156
sel_eur,120,6/30/2011 0:50,24.05,100,24.083
sel_eur,121,6/30/2011 1:00,24.122,100,24.156
sel_eur,122,6/30/2011 1:10,23.954,100,23.987
sel_eur,123,6/30/2011 1:20,24.074,100,24.108
sel_eur,124,6/30/2011 1:30,24.122,100,24.156
sel_eur,125,6/30/2011 1:40,24.122,100,24.156
sel_eur,126,6/30/2011 1:50,24.098,100,24.132
sel_eur,127,6/30/2011 2:00,24.195,100,24.228
sel_eur,128,6/30/2011 2:10,24.243,100,24.277
sel_eur,129,6/30/2011 2:20,24.122,100,24.156
sel_eur,130,6/30/2011 2:30,24.122,100,24.156
sel_eur,131,6/30/2011 2:40,24.146,100,24.18
sel_eur,132,6/30/2011 2:50,23.93,100,23.963
sel_eur,133,6/30/2011 3:00,23.978,100,24.011
sel_eur,134,6/30/2011 3:10,23.809,100,23.842
sel_eur,135,6/30/2011 3:20,23.641,100,23.674
sel_eur,136,6/30/2011 3:30,23.737,100,23.77
sel_eur,137,6/30/2011 3:40,23.737,100,23.77
sel_eur,138,6/30/2011 3:50,23.713,100,23.746
sel_eur,139,6/30/2011 4:00,23.954,100,23.987
sel_eur,140,6/30/2011 4:10,23.785,100,23.818
sel_eur,141,6/30/2011 4:20,23.833,100,23.866
sel_eur,142,6/30/2011 4:30,23.665,100,23.698
sel_eur,143,6/30/2011 4:40,23.954,100,23.987
sel_eur,144,6/30/2011 4:50,23.905,100,23.939
sel_eur,145,6/30/2011 5:00,23.641,100,23.674
sel_eur,146,6/30/2011 5:10,23.617,100,23.649
sel_eur,147,6/30/2011 5:20,23.521,100,23.553
sel_eur,148,6/30/2011 5:30,23.4,100,23.433
sel_eur,149,6/30/2011 5:40,23.352,100,23.385
sel_eur,150,6/30/2011 5:50,23.352,100,23.385
sel_eur,151,6/30/2011 6:00,23.424,100,23.457
sel_eur,152,6/30/2011 6:10,23.472,100,23.505
sel_eur,153,6/30/2011 6:20,23.497,100,23.529
sel_eur,154,6/30/2011 6:30,23.617,100,23.649
sel_eur,155,6/30/2011 6:40,23.737,100,23.77
sel_eur,156,6/30/2011 6:50,23.905,100,23.939
sel_eur,157,6/30/2011 7:00,24.026,100,24.059
sel_eur,158,6/30/2011 7:10,24.195,100,24.228
sel_eur,159,6/30/2011 7:20,24.557,100,24.591
sel_eur,160,6/30/2011 7:30,24.919,100,24.954
sel_eur,161,6/30/2011 7:40,25.016,100,25.051
sel_eur,162,6/30/2011 7:50,25.065,100,25.1
sel_eur,163,6/30/2011 8:00,25.283,100,25.318
sel_eur,164,6/30/2011 8:10,25.21,100,25.245
sel_eur,165,6/30/2011 8:20,25.647,100,25.683
sel_eur,166,6/30/2011 8:30,25.598,100,25.634
sel_eur,167,6/30/2011 8:40,25.89,100,25.926
sel_eur,168,6/30/2011 8:50,25.987,100,26.024
sel_eur,169,6/30/2011 9:00,26.036,100,26.073
sel_eur,170,6/30/2011 9:10,25.744,100,25.78
sel_eur,171,6/30/2011 9:20,25.987,100,26.024
sel_eur,172,6/30/2011 9:30,26.573,100,26.611
sel_eur,173,6/30/2011 9:40,26.72,100,26.758
sel_eur,174,6/30/2011 9:50,26.646,100,26.684
sel_eur,175,6/30/2011 10:00,26.5,100,26.537
sel_eur,176,6/30/2011 10:10,26.695,100,26.733
sel_eur,177,6/30/2011 10:20,26.549,100,26.586
sel_eur,178,6/30/2011 10:30,27.063,100,27.101
sel_eur,179,6/30/2011 10:40,26.695,100,26.733
sel_eur,180,6/30/2011 10:50,26.965,100,27.003
sel_eur,181,6/30/2011 11:00,27.161,100,27.199
sel_eur,182,6/30/2011 11:10,27.087,100,27.126
sel_eur,183,6/30/2011 11:20,26.965,100,27.003
sel_eur,184,6/30/2011 11:30,27.259,100,27.298
sel_eur,185,6/30/2011 11:40,27.407,100,27.445
sel_eur,186,6/30/2011 11:50,27.604,100,27.632
sel_eur,187,6/30/2011 12:00,27.677,100,27.717
sel_eur,188,6/30/2011 12:10,28.221,100,28.218
sel_eur,189,6/30/2011 12:20,30.167,100,29.948
sel_eur,190,6/30/2011 12:30,28.692,100,28.733
sel_eur,191,6/30/2011 12:40,28.097,100,28.034
sel_eur,192,6/30/2011 12:50,28.369,100,28.319
sel_eur,193,6/30/2011 13:00,27.949,100,27.879
sel_eur,194,6/30/2011 13:10,27.875,100,27.84
sel_eur,195,6/30/2011 13:20,28.097,100,28.073
sel_eur,196,6/30/2011 13:30,27.505,100,27.46
sel_eur,197,6/30/2011 13:40,27.604,100,27.628
sel_eur,198,6/30/2011 13:50,27.505,100,27.498
sel_eur,199,6/30/2011 14:00,27.899,100,27.889
sel_eur,200,6/30/2011 14:10,28.048,100,28.071
sel_eur,201,6/30/2011 14:20,27.924,100,27.903
sel_eur,202,6/30/2011 14:30,27.653,100,27.68
sel_eur,203,6/30/2011 14:40,27.53,100,27.562
sel_eur,204,6/30/2011 14:50,27.382,100,27.421
sel_eur,205,6/30/2011 15:00,27.382,100,27.421
sel_eur,206,6/30/2011 15:10,27.456,100,27.495
sel_eur,207,6/30/2011 15:20,27.382,100,27.415
sel_eur,208,6/30/2011 15:30,27.481,100,27.519
sel_eur,209,6/30/2011 15:40,27.259,100,27.294
sel_eur,210,6/30/2011 15:50,27.21,100,27.249
sel_eur,211,6/30/2011 16:00,27.087,100,27.126
sel_eur,212,6/30/2011 16:10,27.038,100,27.077
sel_eur,213,6/30/2011 16:20,26.891,100,26.929
sel_eur,214,6/30/2011 16:30,26.573,100,26.605
sel_eur,215,6/30/2011 16:40,26.475,100,26.513
sel_eur,216,6/30/2011 16:50,26.158,100,26.195
sel_eur,217,6/30/2011 17:00,26.036,100,26.073
sel_eur,218,6/30/2011 17:10,25.939,100,25.975
sel_eur,219,6/30/2011 17:20,25.793,100,25.829
sel_eur,220,6/30/2011 17:30,25.623,100,25.659
sel_eur,221,6/30/2011 17:40,25.671,100,25.707
sel_eur,222,6/30/2011 17:50,25.453,100,25.488
sel_eur,223,6/30/2011 18:00,25.404,100,25.44
sel_eur,224,6/30/2011 18:10,25.38,100,25.415
sel_eur,225,6/30/2011 18:20,25.113,100,25.148
sel_eur,226,6/30/2011 18:30,25.016,100,25.051
sel_eur,227,6/30/2011 18:40,24.774,100,24.809
sel_eur,228,6/30/2011 18:50,24.919,100,24.954
sel_eur,229,6/30/2011 19:00,24.677,100,24.712
sel_eur,230,6/30/2011 19:10,24.677,100,24.712
sel_eur,231,6/30/2011 19:20,24.677,100,24.712
sel_eur,232,6/30/2011 19:30,24.557,100,24.591
sel_eur,233,6/30/2011 19:40,24.653,100,24.688
sel_eur,234,6/30/2011 19:50,24.629,100,24.663
sel_eur,235,6/30/2011 20:00,24.412,100,24.446
sel_eur,236,6/30/2011 20:10,24.557,100,24.591
sel_eur,237,6/30/2011 20:20,24.581,100,24.615
sel_eur,238,6/30/2011 20:30,24.532,100,24.567
sel_eur,239,6/30/2011 20:40,24.412,100,24.446
sel_eur,240,6/30/2011 20:50,24.243,100,24.277
sel_eur,241,6/30/2011 21:00,24.388,100,24.422
sel_eur,242,6/30/2011 21:10,24.484,100,24.518
sel_eur,243,6/30/2011 21:20,24.436,100,24.47
sel_eur,244,6/30/2011 21:30,24.195,100,24.228
sel_eur,245,6/30/2011 21:40,24.581,100,24.615
sel_eur,246,6/30/2011 21:50,24.291,100,24.325
sel_eur,247,6/30/2011 22:00,24.412,100,24.446
sel_eur,248,6/30/2011 22:10,24.195,100,24.228
sel_eur,249,6/30/2011 22:20,24.291,100,24.325
sel_eur,250,6/30/2011 22:30,24.339,100,24.373
sel_eur,251,6/30/2011 22:40,24.243,100,24.277
sel_eur,252,6/30/2011 22:50,24.171,100,24.204
sel_eur,253,6/30/2011 23:00,24.122,100,24.156
sel_eur,254,6/30/2011 23:10,24.05,100,24.083
sel_eur,255,6/30/2011 23:20,24.098,100,24.132
sel_eur,256,6/30/2011 23:30,24.002,100,24.035
sel_eur,257,6/30/2011 23:40,23.665,100,23.698
sel_eur,258,6/30/2011 23:50,23.857,100,23.89
sel_eur,259,7/1/2011 0:00,23.809,100,23.842
sel_eur,260,7/1/2011 0:10,23.665,100,23.698
sel_eur,261,7/1/2011 0:20,23.665,100,23.698
sel_eur,262,7/1/2011 0:30,23.4,100,23.433
sel_eur,263,7/1/2011 0:40,23.521,100,23.553
sel_eur,264,7/1/2011 0:50,23.472,100,23.505
sel_eur,265,7/1/2011 1:00,23.497,100,23.529
sel_eur,266,7/1/2011 1:10,23.472,100,23.505
sel_eur,267,7/1/2011 1:20,23.448,100,23.481
sel_eur,268,7/1/2011 1:30,23.328,100,23.361
sel_eur,269,7/1/2011 1:40,23.521,100,23.553
sel_eur,270,7/1/2011 1:50,23.545,100,23.577
sel_eur,271,7/1/2011 2:00,23.617,100,23.649
sel_eur,272,7/1/2011 2:10,23.304,100,23.337
sel_eur,273,7/1/2011 2:20,23.472,100,23.505
sel_eur,274,7/1/2011 2:30,23.256,100,23.288
sel_eur,275,7/1/2011 2:40,23.328,100,23.361
sel_eur,276,7/1/2011 2:50,23.352,100,23.385
sel_eur,277,7/1/2011 3:00,23.328,100,23.361
sel_eur,278,7/1/2011 3:10,23.256,100,23.288
sel_eur,279,7/1/2011 3:20,23.16,100,23.192
sel_eur,280,7/1/2011 3:30,23.232,100,23.264
sel_eur,281,7/1/2011 3:40,23.376,100,23.409
sel_eur,282,7/1/2011 3:50,23.232,100,23.264
sel_eur,283,7/1/2011 4:00,23.136,100,23.168
sel_eur,284,7/1/2011 4:10,23.136,100,23.168
sel_eur,285,7/1/2011 4:20,23.184,100,23.216
sel_eur,286,7/1/2011 4:30,23.328,100,23.361
sel_eur,287,7/1/2011 4:40,23.16,100,23.192
sel_eur,288,7/1/2011 4:50,23.088,100,23.12
sel_eur,289,7/1/2011 5:00,23.088,100,23.12
sel_eur,290,7/1/2011 5:10,23.064,100,23.096
sel_eur,291,7/1/2011 5:20,23.088,100,23.12
sel_eur,292,7/1/2011 5:30,23.184,100,23.216
sel_eur,293,7/1/2011 5:40,23.136,100,23.168
sel_eur,294,7/1/2011 5:50,23.328,100,23.361
sel_eur,295,7/1/2011 6:00,23.232,100,23.264
sel_eur,296,7/1/2011 6:10,23.256,100,23.288
sel_eur,297,7/1/2011 6:20,23.352,100,23.385
sel_eur,298,7/1/2011 6:30,23.472,100,23.505
sel_eur,299,7/1/2011 6:40,23.4,100,23.433
sel_eur,300,7/1/2011 6:50,23.689,100,23.722
sel_eur,301,7/1/2011 7:00,23.713,100,23.746
sel_eur,302,7/1/2011 7:10,23.905,100,23.939
sel_eur,303,7/1/2011 7:20,24.098,100,24.132
sel_eur,304,7/1/2011 7:30,24.339,100,24.373
sel_eur,305,7/1/2011 7:40,23.809,99.187,23.334
sel_eur,306,7/1/2011 7:50,21.748,84.204,18.906
sel_eur,307,7/1/2011 8:00,21.939,81.948,18.697
sel_eur,308,7/1/2011 8:10,22.011,81.823,18.745
sel_eur,309,7/1/2011 8:20,22.106,78.182,18.169
sel_eur,310,7/1/2011 8:30,22.369,74.373,17.686
sel_eur,311,7/1/2011 8:40,22.513,76.168,18.179
sel_eur,312,7/1/2011 8:50,22.609,74.769,17.997
sel_eur,313,7/1/2011 9:00,22.753,70.73,17.31
sel_eur,314,7/1/2011 9:10,23.088,70.852,17.658
sel_eur,315,7/1/2011 9:20,22.944,70.205,17.383
sel_eur,316,7/1/2011 9:30,23.016,68.498,17.084
sel_eur,317,7/1/2011 9:40,23.352,68.767,17.465
sel_eur,318,7/1/2011 9:50,23.136,68.162,17.125
sel_eur,319,7/1/2011 10:00,23.016,65.958,16.518
sel_eur,320,7/1/2011 10:10,23.424,65.698,16.848
sel_eur,321,7/1/2011 10:20,23.424,65.969,16.91
sel_eur,322,7/1/2011 10:30,23.448,64.254,16.537
sel_eur,323,7/1/2011 10:40,23.665,64.472,16.794
sel_eur,324,7/1/2011 10:50,23.545,63.543,16.461
sel_eur,325,7/1/2011 11:00,23.424,63.22,16.27
sel_eur,326,7/1/2011 11:10,23.689,61.528,16.112
sel_eur,327,7/1/2011 11:20,23.785,61.604,16.222
sel_eur,328,7/1/2011 11:30,23.593,60.625,15.799
sel_eur,329,7/1/2011 11:40,23.881,61.192,16.212
sel_eur,330,7/1/2011 11:50,23.713,59.416,15.608
sel_eur,331,7/1/2011 12:00,23.93,59.727,15.891
sel_eur,332,7/1/2011 12:10,23.713,58.831,15.459
sel_eur,333,7/1/2011 12:20,23.954,59.145,15.766
sel_eur,334,7/1/2011 12:30,23.665,59.316,15.538
sel_eur,335,7/1/2011 12:40,23.737,58.68,15.443
sel_eur,336,7/1/2011 12:50,23.857,59.254,15.703
sel_eur,337,7/1/2011 13:00,23.521,59.294,15.396
sel_eur,338,7/1/2011 13:10,23.641,58.819,15.388
sel_eur,339,7/1/2011 13:20,23.809,62.036,16.35
sel_eur,340,7/1/2011 13:30,23.785,61.513,16.2
sel_eur,341,7/1/2011 13:40,23.713,64.39,16.82
sel_oxa,1,6/29/2011 5:00,23.954,100,23.626
sel_oxa,2,6/29/2011 5:10,23.978,100,23.651
sel_oxa,3,6/29/2011 5:20,24.002,100,23.68
sel_oxa,4,6/29/2011 5:30,23.665,100,23.351
sel_oxa,5,6/29/2011 5:40,23.641,100,23.329
sel_oxa,6,6/29/2011 5:50,23.641,100,23.34
sel_oxa,7,6/29/2011 6:00,23.665,100,23.373
sel_oxa,8,6/29/2011 6:10,23.713,100,23.423
sel_oxa,9,6/29/2011 6:20,23.665,100,23.38
sel_oxa,10,6/29/2011 6:30,23.761,100,23.481
sel_oxa,11,6/29/2011 6:40,23.93,100,23.657
sel_oxa,12,6/29/2011 6:50,23.833,100,23.557
sel_oxa,13,6/29/2011 7:00,23.785,100,23.506
sel_oxa,14,6/29/2011 7:10,23.905,100,23.636
sel_oxa,15,6/29/2011 7:20,23.617,100,23.338
sel_oxa,16,6/29/2011 7:30,23.713,100,23.446
sel_oxa,17,6/29/2011 7:40,23.857,100,23.597
sel_oxa,18,6/29/2011 7:50,23.881,100,23.629
sel_oxa,19,6/29/2011 8:00,23.881,100,23.629
sel_oxa,20,6/29/2011 8:10,23.93,100,23.68
sel_oxa,21,6/29/2011 8:20,23.905,100,23.669
sel_oxa,22,6/29/2011 8:30,23.93,100,23.687
sel_oxa,23,6/29/2011 8:40,24.002,100,23.763
sel_oxa,24,6/29/2011 8:50,24.002,100,23.763
sel_oxa,25,6/29/2011 9:00,24.098,100,23.863
sel_oxa,26,6/29/2011 9:10,24.267,100,24.036
sel_oxa,27,6/29/2011 9:20,24.532,100,24.303
sel_oxa,28,6/29/2011 9:30,24.798,100,24.573
sel_oxa,29,6/29/2011 9:40,24.968,100,24.743
sel_oxa,30,6/29/2011 9:50,25.355,100,25.133
sel_oxa,31,6/29/2011 10:00,25.453,100,25.227
sel_oxa,32,6/29/2011 10:10,25.307,100,25.075
sel_oxa,33,6/29/2011 10:20,25.355,100,25.118
sel_oxa,34,6/29/2011 10:30,25.38,100,25.151
sel_oxa,35,6/29/2011 10:40,25.793,100,25.568
sel_oxa,36,6/29/2011 10:50,26.036,100,25.807
sel_oxa,37,6/29/2011 11:00,26.207,100,25.985
sel_oxa,38,6/29/2011 11:10,26.475,100,26.247
sel_oxa,39,6/29/2011 11:20,26.134,100,25.893
sel_oxa,40,6/29/2011 11:30,26.426,100,26.2
sel_oxa,41,6/29/2011 11:40,26.475,100,26.235
sel_oxa,42,6/29/2011 11:50,26.475,100,26.247
sel_oxa,43,6/29/2011 12:00,26.524,100,26.29
sel_oxa,44,6/29/2011 12:10,26.426,100,26.2
sel_oxa,45,6/29/2011 12:20,26.402,100,26.166
sel_oxa,46,6/29/2011 12:30,26.622,100,26.389
sel_oxa,47,6/29/2011 12:40,26.329,100,26.074
sel_oxa,48,6/29/2011 12:50,26.036,100,25.791
sel_oxa,49,6/29/2011 13:00,26.085,100,25.858
sel_oxa,50,6/29/2011 13:10,26.28,100,26.07
sel_oxa,51,6/29/2011 13:20,25.866,100,25.625
sel_oxa,52,6/29/2011 13:30,25.55,100,25.306
sel_oxa,53,6/29/2011 13:40,25.38,100,25.139
sel_oxa,54,6/29/2011 13:50,25.647,100,25.423
sel_oxa,55,6/29/2011 14:00,26.085,100,25.866
sel_oxa,56,6/29/2011 14:10,26.231,100,25.995
sel_oxa,57,6/29/2011 14:20,26.353,100,26.108
sel_oxa,58,6/29/2011 14:30,26.134,100,25.832
sel_oxa,59,6/29/2011 14:40,26.329,100,26.043
sel_oxa,60,6/29/2011 14:50,26.622,100,26.358
sel_oxa,61,6/29/2011 15:00,26.72,100,26.46
sel_oxa,62,6/29/2011 15:10,26.671,100,26.417
sel_oxa,63,6/29/2011 15:20,26.646,100,26.391
sel_oxa,64,6/29/2011 15:30,26.622,100,26.369
sel_oxa,65,6/29/2011 15:40,26.378,100,26.11
sel_oxa,66,6/29/2011 15:50,26.451,100,26.218
sel_oxa,67,6/29/2011 16:00,26.451,100,26.202
sel_oxa,68,6/29/2011 16:10,26.402,100,26.163
sel_oxa,69,6/29/2011 16:20,26.549,100,26.312
sel_oxa,70,6/29/2011 16:30,26.207,100,25.924
sel_oxa,71,6/29/2011 16:40,24.243,100,23.973
sel_oxa,72,6/29/2011 16:50,24.074,100,23.861
sel_oxa,73,6/29/2011 17:00,24.339,100,24.142
sel_oxa,74,6/29/2011 17:10,24.46,100,24.272
sel_oxa,75,6/29/2011 17:20,24.677,100,24.507
sel_oxa,76,6/29/2011 17:30,24.75,100,24.583
sel_oxa,77,6/29/2011 17:40,24.75,100,24.583
sel_oxa,78,6/29/2011 17:50,24.823,100,24.659
sel_oxa,79,6/29/2011 18:00,24.677,100,24.514
sel_oxa,80,6/29/2011 18:10,24.677,100,24.522
sel_oxa,81,6/29/2011 18:20,24.702,100,24.547
sel_oxa,82,6/29/2011 18:30,24.605,100,24.453
sel_oxa,83,6/29/2011 18:40,24.581,100,24.424
sel_oxa,84,6/29/2011 18:50,24.605,100,24.453
sel_oxa,85,6/29/2011 19:00,24.581,100,24.428
sel_oxa,86,6/29/2011 19:10,24.605,100,24.461
sel_oxa,87,6/29/2011 19:20,24.557,100,24.41
sel_oxa,88,6/29/2011 19:30,24.581,100,24.435
sel_oxa,89,6/29/2011 19:40,24.508,100,24.367
sel_oxa,90,6/29/2011 19:50,24.484,100,24.334
sel_oxa,91,6/29/2011 20:00,24.412,100,24.27
sel_oxa,92,6/29/2011 20:10,24.339,100,24.198
sel_oxa,93,6/29/2011 20:20,24.339,100,24.198
sel_oxa,94,6/29/2011 20:30,24.363,100,24.23
sel_oxa,95,6/29/2011 20:40,24.412,100,24.277
sel_oxa,96,6/29/2011 20:50,24.315,100,24.18
sel_oxa,97,6/29/2011 21:00,24.339,100,24.209
sel_oxa,98,6/29/2011 21:10,24.291,100,24.162
sel_oxa,99,6/29/2011 21:20,24.267,100,24.137
sel_oxa,100,6/29/2011 21:30,24.315,100,24.187
sel_oxa,101,6/29/2011 21:40,24.267,100,24.144
sel_oxa,102,6/29/2011 21:50,24.339,100,24.216
sel_oxa,103,6/29/2011 22:00,24.315,100,24.195
sel_oxa,104,6/29/2011 22:10,24.291,100,24.169
sel_oxa,105,6/29/2011 22:20,24.243,100,24.119
sel_oxa,106,6/29/2011 22:30,24.291,100,24.169
sel_oxa,107,6/29/2011 22:40,24.267,100,24.151
sel_oxa,108,6/29/2011 22:50,24.243,100,24.123
sel_oxa,109,6/29/2011 23:00,24.243,100,24.123
sel_oxa,110,6/29/2011 23:10,24.291,100,24.177
sel_oxa,111,6/29/2011 23:20,24.243,100,24.126
sel_oxa,112,6/29/2011 23:30,24.195,100,24.079
sel_oxa,113,6/29/2011 23:40,24.122,100,24.007
sel_oxa,114,6/29/2011 23:50,24.146,100,24.04
sel_oxa,115,6/30/2011 0:00,24.098,100,23.99
sel_oxa,116,6/30/2011 0:10,24.122,100,24.015
sel_oxa,117,6/30/2011 0:20,24.122,100,24.018
sel_oxa,118,6/30/2011 0:30,24.098,100,23.997
sel_oxa,119,6/30/2011 0:40,24.146,100,24.044
sel_oxa,120,6/30/2011 0:50,24.098,100,23.997
sel_oxa,121,6/30/2011 1:00,24.074,100,23.972
sel_oxa,122,6/30/2011 1:10,24.05,100,23.95
sel_oxa,123,6/30/2011 1:20,24.002,100,23.903
sel_oxa,124,6/30/2011 1:30,24.05,100,23.954
sel_oxa,125,6/30/2011 1:40,24.05,100,23.954
sel_oxa,126,6/30/2011 1:50,23.978,100,23.882
sel_oxa,127,6/30/2011 2:00,23.954,100,23.857
sel_oxa,128,6/30/2011 2:10,24.002,100,23.907
sel_oxa,129,6/30/2011 2:20,24.002,100,23.911
sel_oxa,130,6/30/2011 2:30,23.954,100,23.86
sel_oxa,131,6/30/2011 2:40,23.809,100,23.716
sel_oxa,132,6/30/2011 2:50,23.905,100,23.817
sel_oxa,133,6/30/2011 3:00,23.785,100,23.691
sel_oxa,134,6/30/2011 3:10,23.713,100,23.623
sel_oxa,135,6/30/2011 3:20,23.713,100,23.623
sel_oxa,136,6/30/2011 3:30,23.617,100,23.526
sel_oxa,137,6/30/2011 3:40,23.641,100,23.555
sel_oxa,138,6/30/2011 3:50,23.617,100,23.53
sel_oxa,139,6/30/2011 4:00,23.593,100,23.504
sel_oxa,140,6/30/2011 4:10,23.713,100,23.63
sel_oxa,141,6/30/2011 4:20,23.665,100,23.58
sel_oxa,142,6/30/2011 4:30,23.665,100,23.58
sel_oxa,143,6/30/2011 4:40,23.665,100,23.58
sel_oxa,144,6/30/2011 4:50,23.689,100,23.605
sel_oxa,145,6/30/2011 5:00,23.593,100,23.508
sel_oxa,146,6/30/2011 5:10,23.497,100,23.411
sel_oxa,147,6/30/2011 5:20,23.472,100,23.386
sel_oxa,148,6/30/2011 5:30,23.352,100,23.267
sel_oxa,149,6/30/2011 5:40,23.328,100,23.242
sel_oxa,150,6/30/2011 5:50,23.448,100,23.368
sel_oxa,151,6/30/2011 6:00,23.376,100,23.292
sel_oxa,152,6/30/2011 6:10,23.448,100,23.368
sel_oxa,153,6/30/2011 6:20,23.497,100,23.418
sel_oxa,154,6/30/2011 6:30,23.593,100,23.519
sel_oxa,155,6/30/2011 6:40,23.641,100,23.562
sel_oxa,156,6/30/2011 6:50,23.761,100,23.688
sel_oxa,157,6/30/2011 7:00,23.905,100,23.832
sel_oxa,158,6/30/2011 7:10,24.098,100,24.026
sel_oxa,159,6/30/2011 7:20,24.363,100,24.293
sel_oxa,160,6/30/2011 7:30,24.412,100,24.34
sel_oxa,161,6/30/2011 7:40,24.581,100,24.51
sel_oxa,162,6/30/2011 7:50,24.702,100,24.629
sel_oxa,163,6/30/2011 8:00,24.895,100,24.824
sel_oxa,164,6/30/2011 8:10,24.992,100,24.925
sel_oxa,165,6/30/2011 8:20,25.137,100,25.07
sel_oxa,166,6/30/2011 8:30,25.258,100,25.197
sel_oxa,167,6/30/2011 8:40,25.355,100,25.291
sel_oxa,168,6/30/2011 8:50,25.258,100,25.19
sel_oxa,169,6/30/2011 9:00,25.404,100,25.335
sel_oxa,170,6/30/2011 9:10,25.501,100,25.436
sel_oxa,171,6/30/2011 9:20,25.623,100,25.556
sel_oxa,172,6/30/2011 9:30,26.061,100,25.992
sel_oxa,173,6/30/2011 9:40,25.72,100,25.635
sel_oxa,174,6/30/2011 9:50,25.695,100,25.617
sel_oxa,175,6/30/2011 10:00,25.817,100,25.73
sel_oxa,176,6/30/2011 10:10,26.182,100,26.097
sel_oxa,177,6/30/2011 10:20,26.061,100,25.947
sel_oxa,178,6/30/2011 10:30,26.304,100,26.176
sel_oxa,179,6/30/2011 10:40,26.524,100,26.409
sel_oxa,180,6/30/2011 10:50,26.5,100,26.346
sel_oxa,181,6/30/2011 11:00,26.769,100,26.604
sel_oxa,182,6/30/2011 11:10,26.5,100,26.214
sel_oxa,183,6/30/2011 11:20,26.818,100,26.632
sel_oxa,184,6/30/2011 11:30,27.014,100,26.721
sel_oxa,185,6/30/2011 11:40,26.842,99.918,26.49
sel_oxa,186,6/30/2011 11:50,27.063,100,26.764
sel_oxa,187,6/30/2011 12:00,27.308,99.856,26.95
sel_oxa,188,6/30/2011 12:10,27.259,99.923,26.91
sel_oxa,189,6/30/2011 12:20,27.604,99.614,27.21
sel_oxa,190,6/30/2011 12:30,27.505,98.946,27.011
sel_oxa,191,6/30/2011 12:40,27.505,99.802,27.139
sel_oxa,192,6/30/2011 12:50,27.308,100,26.985
sel_oxa,193,6/30/2011 13:00,27.21,97.957,26.565
sel_oxa,194,6/30/2011 13:10,27.21,98.761,26.687
sel_oxa,195,6/30/2011 13:20,27.112,98.575,26.56
sel_oxa,196,6/30/2011 13:30,27.235,100,26.936
sel_oxa,197,6/30/2011 13:40,27.063,99.844,26.701
sel_oxa,198,6/30/2011 13:50,27.284,100,27.042
sel_oxa,199,6/30/2011 14:00,27.358,100,27.104
sel_oxa,200,6/30/2011 14:10,27.358,100,27.025
sel_oxa,201,6/30/2011 14:20,27.259,100,26.93
sel_oxa,202,6/30/2011 14:30,27.21,100,26.946
sel_oxa,203,6/30/2011 14:40,27.161,100,26.941
sel_oxa,204,6/30/2011 14:50,27.186,100,26.978
sel_oxa,205,6/30/2011 15:00,27.112,100,26.886
sel_oxa,206,6/30/2011 15:10,27.112,100,26.866
sel_oxa,207,6/30/2011 15:20,27.136,100,26.872
sel_oxa,208,6/30/2011 15:30,26.965,100,26.65
sel_oxa,209,6/30/2011 15:40,26.916,100,26.665
sel_oxa,210,6/30/2011 15:50,26.867,100,26.637
sel_oxa,211,6/30/2011 16:00,26.72,100,26.444
sel_oxa,212,6/30/2011 16:10,26.646,100,26.414
sel_oxa,213,6/30/2011 16:20,26.573,100,26.361
sel_oxa,214,6/30/2011 16:30,26.426,100,26.188
sel_oxa,215,6/30/2011 16:40,26.28,100,26.039
sel_oxa,216,6/30/2011 16:50,26.134,100,25.886
sel_oxa,217,6/30/2011 17:00,25.963,100,25.7
sel_oxa,218,6/30/2011 17:10,25.866,100,25.629
sel_oxa,219,6/30/2011 17:20,25.744,100,25.471
sel_oxa,220,6/30/2011 17:30,25.477,100,25.13
sel_oxa,221,6/30/2011 17:40,25.38,100,25.09
sel_oxa,222,6/30/2011 17:50,25.38,100,25.09
sel_oxa,223,6/30/2011 18:00,25.186,100,24.879
sel_oxa,224,6/30/2011 18:10,25.162,100,24.926
sel_oxa,225,6/30/2011 18:20,25.113,100,24.902
sel_oxa,226,6/30/2011 18:30,24.992,100,24.776
sel_oxa,227,6/30/2011 18:40,24.968,100,24.769
sel_oxa,228,6/30/2011 18:50,24.798,100,24.592
sel_oxa,229,6/30/2011 19:00,24.774,100,24.585
sel_oxa,230,6/30/2011 19:10,24.677,100,24.495
sel_oxa,231,6/30/2011 19:20,24.726,100,24.55
sel_oxa,232,6/30/2011 19:30,24.774,100,24.623
sel_oxa,233,6/30/2011 19:40,24.726,100,24.58
sel_oxa,234,6/30/2011 19:50,24.629,100,24.471
sel_oxa,235,6/30/2011 20:00,24.653,100,24.511
sel_oxa,236,6/30/2011 20:10,24.605,100,24.464
sel_oxa,237,6/30/2011 20:20,24.532,100,24.385
sel_oxa,238,6/30/2011 20:30,24.339,100,24.168
sel_oxa,239,6/30/2011 20:40,24.315,100,24.15
sel_oxa,240,6/30/2011 20:50,24.267,100,24.114
sel_oxa,241,6/30/2011 21:00,24.195,100,24.039
sel_oxa,242,6/30/2011 21:10,24.291,100,24.155
sel_oxa,243,6/30/2011 21:20,24.291,100,24.162
sel_oxa,244,6/30/2011 21:30,24.219,100,24.094
sel_oxa,245,6/30/2011 21:40,24.195,100,24.057
sel_oxa,246,6/30/2011 21:50,24.243,100,24.111
sel_oxa,247,6/30/2011 22:00,24.171,100,24.043
sel_oxa,248,6/30/2011 22:10,24.219,100,24.108
sel_oxa,249,6/30/2011 22:20,24.146,100,24.04
sel_oxa,250,6/30/2011 22:30,24.146,100,24.04
sel_oxa,251,6/30/2011 22:40,24.098,100,23.986
sel_oxa,252,6/30/2011 22:50,24.026,100,23.914
sel_oxa,253,6/30/2011 23:00,24.002,100,23.885
sel_oxa,254,6/30/2011 23:10,23.954,100,23.838
sel_oxa,255,6/30/2011 23:20,23.881,100,23.763
sel_oxa,256,6/30/2011 23:30,23.905,100,23.795
sel_oxa,257,6/30/2011 23:40,23.833,100,23.72
sel_oxa,258,6/30/2011 23:50,23.737,100,23.619
sel_oxa,259,7/1/2011 0:00,23.737,100,23.619
sel_oxa,260,7/1/2011 0:10,23.737,100,23.626
sel_oxa,261,7/1/2011 0:20,23.713,100,23.608
sel_oxa,262,7/1/2011 0:30,23.665,100,23.54
sel_oxa,263,7/1/2011 0:40,23.617,100,23.493
sel_oxa,264,7/1/2011 0:50,23.641,100,23.522
sel_oxa,265,7/1/2011 1:00,23.617,100,23.5
sel_oxa,266,7/1/2011 1:10,23.497,100,23.382
sel_oxa,267,7/1/2011 1:20,23.472,100,23.349
sel_oxa,268,7/1/2011 1:30,23.448,100,23.332
sel_oxa,269,7/1/2011 1:40,23.472,100,23.364
sel_oxa,270,7/1/2011 1:50,23.472,100,23.371
sel_oxa,271,7/1/2011 2:00,23.472,100,23.368
sel_oxa,272,7/1/2011 2:10,23.4,100,23.299
sel_oxa,273,7/1/2011 2:20,23.448,100,23.353
sel_oxa,274,7/1/2011 2:30,23.497,100,23.404
sel_oxa,275,7/1/2011 2:40,23.424,100,23.325
sel_oxa,276,7/1/2011 2:50,23.424,100,23.321
sel_oxa,277,7/1/2011 3:00,23.328,100,23.22
sel_oxa,278,7/1/2011 3:10,23.328,100,23.228
sel_oxa,279,7/1/2011 3:20,23.232,100,23.134
sel_oxa,280,7/1/2011 3:30,23.28,100,23.177
sel_oxa,281,7/1/2011 3:40,23.352,100,23.26
sel_oxa,282,7/1/2011 3:50,23.304,100,23.203
sel_oxa,283,7/1/2011 4:00,23.232,100,23.127
sel_oxa,284,7/1/2011 4:10,23.184,100,23.077
sel_oxa,285,7/1/2011 4:20,23.16,100,23.059
sel_oxa,286,7/1/2011 4:30,23.232,100,23.142
sel_oxa,287,7/1/2011 4:40,23.16,100,23.059
sel_oxa,288,7/1/2011 4:50,23.136,100,23.041
sel_oxa,289,7/1/2011 5:00,23.232,100,23.149
sel_oxa,290,7/1/2011 5:10,23.184,100,23.091
sel_oxa,291,7/1/2011 5:20,23.184,100,23.091
sel_oxa,292,7/1/2011 5:30,23.16,100,23.066
sel_oxa,293,7/1/2011 5:40,23.16,100,23.074
sel_oxa,294,7/1/2011 5:50,23.232,100,23.149
sel_oxa,295,7/1/2011 6:00,23.304,100,23.224
sel_oxa,296,7/1/2011 6:10,23.28,100,23.192
sel_oxa,297,7/1/2011 6:20,23.424,100,23.343
sel_oxa,298,7/1/2011 6:30,23.328,100,23.22
sel_oxa,299,7/1/2011 6:40,23.472,100,23.371
sel_oxa,300,7/1/2011 6:50,23.641,100,23.547
sel_oxa,301,7/1/2011 7:00,23.881,100,23.799
sel_oxa,302,7/1/2011 7:10,23.905,100,23.817
sel_oxa,303,7/1/2011 7:20,24.074,100,23.979
sel_oxa,304,7/1/2011 7:30,25.089,100,24.967
sel_oxa,305,7/1/2011 7:40,26.671,99.42,26.244
sel_oxa,306,7/1/2011 7:50,26.085,99.131,25.612
sel_oxa,307,7/1/2011 8:00,27.456,98.236,26.854
sel_oxa,308,7/1/2011 8:10,23.689,82.019,20.425
sel_oxa,309,7/1/2011 8:20,23.16,78.945,19.34
sel_oxa,310,7/1/2011 8:30,23.088,77.265,18.951
sel_oxa,311,7/1/2011 8:40,23.088,76.919,18.884
sel_oxa,312,7/1/2011 8:50,23.184,74.3,18.461
sel_oxa,313,7/1/2011 9:00,23.328,71.928,18.115
sel_oxa,314,7/1/2011 9:10,23.424,71.769,18.175
sel_oxa,315,7/1/2011 9:20,23.448,68.665,17.535
sel_oxa,316,7/1/2011 9:30,23.593,67.617,17.442
sel_oxa,317,7/1/2011 9:40,23.665,67.749,17.54
sel_oxa,318,7/1/2011 9:50,23.689,65.774,17.118
sel_oxa,319,7/1/2011 10:00,23.713,63.875,16.699
sel_oxa,320,7/1/2011 10:10,23.833,63.804,16.797
sel_oxa,321,7/1/2011 10:20,23.881,63.083,16.671
sel_oxa,322,7/1/2011 10:30,24.002,61.425,16.383
sel_oxa,323,7/1/2011 10:40,24.026,61.001,16.301
sel_oxa,324,7/1/2011 10:50,24.195,58.998,15.955
sel_oxa,325,7/1/2011 11:00,24.05,57.46,15.419
sel_oxa,326,7/1/2011 11:10,24.098,55.912,15.051
sel_oxa,327,7/1/2011 11:20,24.122,55.822,15.05
sel_oxa,328,7/1/2011 11:30,24.098,53.346,14.341
sel_oxa,329,7/1/2011 11:40,24.05,54.03,14.489
sel_oxa,330,7/1/2011 11:50,24.098,51.486,13.804
sel_oxa,331,7/1/2011 12:00,24.122,52.026,13.984
sel_oxa,332,7/1/2011 12:10,24.122,50.507,13.537
sel_oxa,333,7/1/2011 12:20,24.171,51.211,13.79
sel_oxa,334,7/1/2011 12:30,24.074,50.659,13.538
sel_oxa,335,7/1/2011 12:40,24.122,50.253,13.46
sel_oxa,336,7/1/2011 12:50,24.002,51.409,13.693
sel_oxa,337,7/1/2011 13:00,23.954,50.231,13.298
sel_oxa,338,7/1/2011 13:10,24.002,50.11,13.306
sel_oxa,339,7/1/2011 13:20,24.026,52.958,14.163
sel_oxa,340,7/1/2011 13:30,23.833,50.88,13.381
sel_oxa,341,7/1/2011 13:40,23.16,52.052,13.101
sel_umb,1,6/29/2011 5:00,23.761,98.858,23.238
sel_umb,2,6/29/2011 5:10,23.809,98.923,23.296
sel_umb,3,6/29/2011 5:20,23.905,99.002,23.404
sel_umb,4,6/29/2011 5:30,23.545,98.853,23.02
sel_umb,5,6/29/2011 5:40,23.545,99.169,23.066
sel_umb,6,6/29/2011 5:50,23.472,99.255,23.006
sel_umb,7,6/29/2011 6:00,23.448,99.353,22.996
sel_umb,8,6/29/2011 6:10,23.472,99.36,23.021
sel_umb,9,6/29/2011 6:20,23.545,99.405,23.1
sel_umb,10,6/29/2011 6:30,23.665,99.464,23.23
sel_umb,11,6/29/2011 6:40,23.713,99.477,23.28
sel_umb,12,6/29/2011 6:50,23.809,99.503,23.38
sel_umb,13,6/29/2011 7:00,23.761,99.516,23.334
sel_umb,14,6/29/2011 7:10,23.809,99.503,23.38
sel_umb,15,6/29/2011 7:20,23.93,99.535,23.506
sel_umb,16,6/29/2011 7:30,23.905,99.581,23.488
sel_umb,17,6/29/2011 7:40,24.002,99.581,23.585
sel_umb,18,6/29/2011 7:50,23.809,99.555,23.388
sel_umb,19,6/29/2011 8:00,23.785,99.601,23.37
sel_umb,20,6/29/2011 8:10,23.905,99.607,23.492
sel_umb,21,6/29/2011 8:20,23.881,99.627,23.471
sel_umb,22,6/29/2011 8:30,24.026,99.666,23.622
sel_umb,23,6/29/2011 8:40,24.098,99.659,23.693
sel_umb,24,6/29/2011 8:50,24.243,99.672,23.841
sel_umb,25,6/29/2011 9:00,24.339,99.671,23.938
sel_umb,26,6/29/2011 9:10,24.436,99.671,24.035
sel_umb,27,6/29/2011 9:20,24.895,99.662,24.495
sel_umb,28,6/29/2011 9:30,25.234,99.568,24.822
sel_umb,29,6/29/2011 9:40,25.55,99.493,25.128
sel_umb,30,6/29/2011 9:50,25.453,99.52,25.034
sel_umb,31,6/29/2011 10:00,25.574,99.394,25.138
sel_umb,32,6/29/2011 10:10,25.841,99.465,25.417
sel_umb,33,6/29/2011 10:20,25.914,99.325,25.47
sel_umb,34,6/29/2011 10:30,25.768,99.286,25.317
sel_umb,35,6/29/2011 10:40,25.817,99.087,25.337
sel_umb,36,6/29/2011 10:50,26.207,99.164,25.74
sel_umb,37,6/29/2011 11:00,26.671,99.367,26.236
sel_umb,38,6/29/2011 11:10,26.329,99.169,25.863
sel_umb,39,6/29/2011 11:20,26.207,99.429,25.779
sel_umb,40,6/29/2011 11:30,26.695,99.426,26.27
sel_umb,41,6/29/2011 11:40,26.891,98.463,26.322
sel_umb,42,6/29/2011 11:50,26.378,98.702,25.842
sel_umb,43,6/29/2011 12:00,26.353,99.043,25.869
sel_umb,44,6/29/2011 12:10,26.573,99.181,26.11
sel_umb,45,6/29/2011 12:20,26.842,99.039,26.359
sel_umb,46,6/29/2011 12:30,26.451,98.294,25.854
sel_umb,47,6/29/2011 12:40,26.329,98.956,25.831
sel_umb,48,6/29/2011 12:50,26.378,99.156,25.91
sel_umb,49,6/29/2011 13:00,26.28,99.316,25.836
sel_umb,50,6/29/2011 13:10,26.426,99.408,25.997
sel_umb,51,6/29/2011 13:20,25.817,97.807,25.145
sel_umb,52,6/29/2011 13:30,25.647,98.616,25.096
sel_umb,53,6/29/2011 13:40,25.914,98.9,25.407
sel_umb,54,6/29/2011 13:50,26.304,99.136,25.833
sel_umb,55,6/29/2011 14:00,26.622,98.393,26.041
sel_umb,56,6/29/2011 14:10,26.818,98.471,26.249
sel_umb,57,6/29/2011 14:20,26.646,98.131,26.026
sel_umb,58,6/29/2011 14:30,26.891,97.686,26.204
sel_umb,59,6/29/2011 14:40,26.818,96.752,25.987
sel_umb,60,6/29/2011 14:50,27.038,95.645,26.036
sel_umb,61,6/29/2011 15:00,26.867,96.197,25.95
sel_umb,62,6/29/2011 15:10,27.014,96.424,26.133
sel_umb,63,6/29/2011 15:20,27.554,96.346,26.662
sel_umb,64,6/29/2011 15:30,27.407,95.82,26.432
sel_umb,65,6/29/2011 15:40,27.112,97.34,26.372
sel_umb,66,6/29/2011 15:50,27.431,97.099,26.655
sel_umb,67,6/29/2011 16:00,28.27,95.877,27.304
sel_umb,68,6/29/2011 16:10,27.776,97.161,27.01
sel_umb,69,6/29/2011 16:20,27.924,96.901,27.118
sel_umb,70,6/29/2011 16:30,27.801,95.186,26.726
sel_umb,71,6/29/2011 16:40,26.158,95.34,25.108
sel_umb,72,6/29/2011 16:50,25.258,97.421,24.527
sel_umb,73,6/29/2011 17:00,25.307,98.526,24.741
sel_umb,74,6/29/2011 17:10,25.404,98.818,24.882
sel_umb,75,6/29/2011 17:20,25.453,99.043,24.964
sel_umb,76,6/29/2011 17:30,25.453,99.255,24.995
sel_umb,77,6/29/2011 17:40,25.525,99.381,25.087
sel_umb,78,6/29/2011 17:50,25.598,99.453,25.171
sel_umb,79,6/29/2011 18:00,25.428,99.434,24.997
sel_umb,80,6/29/2011 18:10,25.38,99.554,24.966
sel_umb,81,6/29/2011 18:20,25.283,99.581,24.873
sel_umb,82,6/29/2011 18:30,25.258,99.68,24.863
sel_umb,83,6/29/2011 18:40,25.162,99.707,24.769
sel_umb,84,6/29/2011 18:50,25.089,99.74,24.701
sel_umb,85,6/29/2011 19:00,25.016,99.774,24.633
sel_umb,86,6/29/2011 19:10,24.968,99.813,24.59
sel_umb,87,6/29/2011 19:20,24.895,99.82,24.518
sel_umb,88,6/29/2011 19:30,24.871,99.84,24.497
sel_umb,89,6/29/2011 19:40,24.774,99.867,24.403
sel_umb,90,6/29/2011 19:50,24.75,99.913,24.386
sel_umb,91,6/29/2011 20:00,24.75,99.94,24.389
sel_umb,92,6/29/2011 20:10,24.702,99.9,24.335
sel_umb,93,6/29/2011 20:20,24.677,99.946,24.318
sel_umb,94,6/29/2011 20:30,24.702,100,24.35
sel_umb,95,6/29/2011 20:40,24.653,99.993,24.3
sel_umb,96,6/29/2011 20:50,24.508,99.98,24.152
sel_umb,97,6/29/2011 21:00,24.532,100,24.181
sel_umb,98,6/29/2011 21:10,24.436,99.987,24.08
sel_umb,99,6/29/2011 21:20,24.508,100,24.164
sel_umb,100,6/29/2011 21:30,24.557,100,24.214
sel_umb,101,6/29/2011 21:40,24.508,100,24.164
sel_umb,102,6/29/2011 21:50,24.436,100,24.096
sel_umb,103,6/29/2011 22:00,24.484,100,24.146
sel_umb,104,6/29/2011 22:10,24.46,100,24.117
sel_umb,105,6/29/2011 22:20,24.388,100,24.053
sel_umb,106,6/29/2011 22:30,24.388,100,24.053
sel_umb,107,6/29/2011 22:40,24.315,100,23.977
sel_umb,108,6/29/2011 22:50,24.412,100,24.078
sel_umb,109,6/29/2011 23:00,24.388,100,24.057
sel_umb,110,6/29/2011 23:10,24.436,100,24.111
sel_umb,111,6/29/2011 23:20,24.339,100,24.01
sel_umb,112,6/29/2011 23:30,24.267,100,23.934
sel_umb,113,6/29/2011 23:40,24.267,100,23.942
sel_umb,114,6/29/2011 23:50,24.146,100,23.816
sel_umb,115,6/30/2011 0:00,24.195,100,23.874
sel_umb,116,6/30/2011 0:10,24.146,100,23.824
sel_umb,117,6/30/2011 0:20,24.098,100,23.781
sel_umb,118,6/30/2011 0:30,24.122,100,23.806
sel_umb,119,6/30/2011 0:40,24.146,100,23.827
sel_umb,120,6/30/2011 0:50,24.171,100,23.856
sel_umb,121,6/30/2011 1:00,24.146,100,23.831
sel_umb,122,6/30/2011 1:10,24.122,100,23.806
sel_umb,123,6/30/2011 1:20,24.05,100,23.738
sel_umb,124,6/30/2011 1:30,24.026,100,23.713
sel_umb,125,6/30/2011 1:40,23.978,100,23.666
sel_umb,126,6/30/2011 1:50,24.002,100,23.691
sel_umb,127,6/30/2011 2:00,24.05,100,23.742
sel_umb,128,6/30/2011 2:10,24.026,100,23.717
sel_umb,129,6/30/2011 2:20,24.002,100,23.691
sel_umb,130,6/30/2011 2:30,23.905,100,23.594
sel_umb,131,6/30/2011 2:40,23.857,100,23.544
sel_umb,132,6/30/2011 2:50,23.785,100,23.476
sel_umb,133,6/30/2011 3:00,23.761,100,23.451
sel_umb,134,6/30/2011 3:10,23.713,100,23.408
sel_umb,135,6/30/2011 3:20,23.665,100,23.358
sel_umb,136,6/30/2011 3:30,23.665,100,23.362
sel_umb,137,6/30/2011 3:40,23.665,100,23.366
sel_umb,138,6/30/2011 3:50,23.713,100,23.416
sel_umb,139,6/30/2011 4:00,23.713,100,23.416
sel_umb,140,6/30/2011 4:10,23.713,100,23.416
sel_umb,141,6/30/2011 4:20,23.737,100,23.441
sel_umb,142,6/30/2011 4:30,23.761,100,23.466
sel_umb,143,6/30/2011 4:40,23.737,100,23.441
sel_umb,144,6/30/2011 4:50,23.713,100,23.412
sel_umb,145,6/30/2011 5:00,23.641,100,23.34
sel_umb,146,6/30/2011 5:10,23.569,100,23.265
sel_umb,147,6/30/2011 5:20,23.521,100,23.215
sel_umb,148,6/30/2011 5:30,23.521,100,23.222
sel_umb,149,6/30/2011 5:40,23.521,100,23.215
sel_umb,150,6/30/2011 5:50,23.521,100,23.222
sel_umb,151,6/30/2011 6:00,23.521,100,23.215
sel_umb,152,6/30/2011 6:10,24.002,100,23.703
sel_umb,153,6/30/2011 6:20,23.857,100,23.529
sel_umb,154,6/30/2011 6:30,23.881,100,23.55
sel_umb,155,6/30/2011 6:40,24.098,100,23.777
sel_umb,156,6/30/2011 6:50,24.726,100,24.391
sel_umb,157,6/30/2011 7:00,25.016,99.721,24.625
sel_umb,158,6/30/2011 7:10,24.895,99.662,24.495
sel_umb,159,6/30/2011 7:20,24.968,99.497,24.544
sel_umb,160,6/30/2011 7:30,25.04,99.595,24.631
sel_umb,161,6/30/2011 7:40,25.162,99.601,24.754
sel_umb,162,6/30/2011 7:50,25.428,99.567,25.017
sel_umb,163,6/30/2011 8:00,25.55,99.44,25.12
sel_umb,164,6/30/2011 8:10,25.623,99.592,25.216
sel_umb,165,6/30/2011 8:20,25.793,99.133,25.319
sel_umb,166,6/30/2011 8:30,26.451,97.437,25.725
sel_umb,167,6/30/2011 8:40,26.402,97.639,25.706
sel_umb,168,6/30/2011 8:50,26.182,97.689,25.494
sel_umb,169,6/30/2011 9:00,26.378,97.579,25.673
sel_umb,170,6/30/2011 9:10,28.345,94.886,27.221
sel_umb,171,6/30/2011 9:20,26.744,96.921,25.94
sel_umb,172,6/30/2011 9:30,26.329,97.995,25.687
sel_umb,173,6/30/2011 9:40,27.063,96.328,26.167
sel_umb,174,6/30/2011 9:50,26.793,97.311,26.048
sel_umb,175,6/30/2011 10:00,27.112,96.26,26.205
sel_umb,176,6/30/2011 10:10,27.53,94.271,26.309
sel_umb,177,6/30/2011 10:20,27.038,96.16,26.116
sel_umb,178,6/30/2011 10:30,27.604,96.657,26.759
sel_umb,179,6/30/2011 10:40,27.727,94.813,26.592
sel_umb,180,6/30/2011 10:50,27.998,93.923,26.721
sel_umb,181,6/30/2011 11:00,27.481,95.785,26.5
sel_umb,182,6/30/2011 11:10,27.974,94.683,26.818
sel_umb,183,6/30/2011 11:20,28.097,94.194,26.863
sel_umb,184,6/30/2011 11:30,28.345,92.356,26.81
sel_umb,185,6/30/2011 11:40,28.518,91.511,26.843
sel_umb,186,6/30/2011 11:50,28.916,89.542,26.904
sel_umb,187,6/30/2011 12:00,29.09,89.975,27.151
sel_umb,188,6/30/2011 12:10,28.841,90.949,27.069
sel_umb,189,6/30/2011 12:20,28.617,91.896,27.005
sel_umb,190,6/30/2011 12:30,28.543,92.542,27.038
sel_umb,191,6/30/2011 12:40,28.369,93.52,27.026
sel_umb,192,6/30/2011 12:50,28.642,92.068,27.059
sel_umb,193,6/30/2011 13:00,28.245,94.642,27.083
sel_umb,194,6/30/2011 13:10,29.015,91.019,27.254
sel_umb,195,6/30/2011 13:20,28.593,94.015,27.329
sel_umb,196,6/30/2011 13:30,28.543,93.921,27.264
sel_umb,197,6/30/2011 13:40,28.221,93.703,26.907
sel_umb,198,6/30/2011 13:50,27.998,94.826,26.866
sel_umb,199,6/30/2011 14:00,28.221,94.362,27.014
sel_umb,200,6/30/2011 14:10,28.419,94.959,27.307
sel_umb,201,6/30/2011 14:20,28.742,92.674,27.258
sel_umb,202,6/30/2011 14:30,28.543,93.26,27.156
sel_umb,203,6/30/2011 14:40,28.468,93.985,27.2
sel_umb,204,6/30/2011 14:50,28.369,94.618,27.203
sel_umb,205,6/30/2011 15:00,28.32,93.453,26.965
sel_umb,206,6/30/2011 15:10,28.493,92.889,27.046
sel_umb,207,6/30/2011 15:20,28.841,90.726,27.031
sel_umb,208,6/30/2011 15:30,28.221,91.994,26.627
sel_umb,209,6/30/2011 15:40,28.072,92.979,26.642
sel_umb,210,6/30/2011 15:50,27.899,94.117,26.654
sel_umb,211,6/30/2011 16:00,27.702,93.904,26.423
sel_umb,212,6/30/2011 16:10,27.407,95.086,26.316
sel_umb,213,6/30/2011 16:20,27.333,95.068,26.24
sel_umb,214,6/30/2011 16:30,27.087,95.413,26.049
sel_umb,215,6/30/2011 16:40,26.842,94.944,25.73
sel_umb,216,6/30/2011 16:50,26.549,96.332,25.653
sel_umb,217,6/30/2011 17:00,26.451,96.468,25.576
sel_umb,218,6/30/2011 17:10,26.402,97.102,25.625
sel_umb,219,6/30/2011 17:20,26.304,96.646,25.457
sel_umb,220,6/30/2011 17:30,26.182,97.287,25.433
sel_umb,221,6/30/2011 17:40,26.012,97.081,25.231
sel_umb,222,6/30/2011 17:50,25.817,97.084,25.036
sel_umb,223,6/30/2011 18:00,25.695,97.615,24.994
sel_umb,224,6/30/2011 18:10,25.525,97.945,24.874
sel_umb,225,6/30/2011 18:20,25.501,98.285,24.9
sel_umb,226,6/30/2011 18:30,25.428,98.399,24.844
sel_umb,227,6/30/2011 18:40,25.21,98.368,24.62
sel_umb,228,6/30/2011 18:50,25.186,98.839,24.666
sel_umb,229,6/30/2011 19:00,25.186,98.839,24.666
sel_umb,230,6/30/2011 19:10,25.089,98.893,24.577
sel_umb,231,6/30/2011 19:20,24.992,98.974,24.491
sel_umb,232,6/30/2011 19:30,24.944,99.014,24.448
sel_umb,233,6/30/2011 19:40,24.895,99.213,24.429
sel_umb,234,6/30/2011 19:50,24.774,99.233,24.311
sel_umb,235,6/30/2011 20:00,24.726,99.353,24.28
sel_umb,236,6/30/2011 20:10,24.726,99.326,24.276
sel_umb,237,6/30/2011 20:20,24.653,99.412,24.215
sel_umb,238,6/30/2011 20:30,24.629,99.459,24.198
sel_umb,239,6/30/2011 20:40,24.581,99.604,24.171
sel_umb,240,6/30/2011 20:50,24.557,99.65,24.153
sel_umb,241,6/30/2011 21:00,24.508,99.743,24.118
sel_umb,242,6/30/2011 21:10,24.436,99.776,24.05
sel_umb,243,6/30/2011 21:20,24.363,99.809,23.982
sel_umb,244,6/30/2011 21:30,24.436,99.934,24.073
sel_umb,245,6/30/2011 21:40,24.436,99.934,24.073
sel_umb,246,6/30/2011 21:50,24.388,99.921,24.022
sel_umb,247,6/30/2011 22:00,24.388,100,24.038
sel_umb,248,6/30/2011 22:10,24.388,99.974,24.03
sel_umb,249,6/30/2011 22:20,24.339,99.934,23.976
sel_umb,250,6/30/2011 22:30,24.291,99.869,23.918
sel_umb,251,6/30/2011 22:40,24.243,99.83,23.864
sel_umb,252,6/30/2011 22:50,24.146,99.777,23.759
sel_umb,253,6/30/2011 23:00,24.074,99.705,23.676
sel_umb,254,6/30/2011 23:10,23.978,99.811,23.594
sel_umb,255,6/30/2011 23:20,23.978,99.916,23.609
sel_umb,256,6/30/2011 23:30,23.881,99.89,23.509
sel_umb,257,6/30/2011 23:40,23.881,99.995,23.524
sel_umb,258,6/30/2011 23:50,23.833,100,23.489
sel_umb,259,7/1/2011 0:00,23.857,100,23.51
sel_umb,260,7/1/2011 0:10,23.785,100,23.439
sel_umb,261,7/1/2011 0:20,23.761,100,23.421
sel_umb,262,7/1/2011 0:30,23.713,100,23.371
sel_umb,263,7/1/2011 0:40,23.665,100,23.328
sel_umb,264,7/1/2011 0:50,23.641,100,23.307
sel_umb,265,7/1/2011 1:00,23.593,100,23.26
sel_umb,266,7/1/2011 1:10,23.593,100,23.268
sel_umb,267,7/1/2011 1:20,23.569,100,23.243
sel_umb,268,7/1/2011 1:30,23.569,100,23.246
sel_umb,269,7/1/2011 1:40,23.593,100,23.268
sel_umb,270,7/1/2011 1:50,23.593,100,23.264
sel_umb,271,7/1/2011 2:00,23.569,100,23.243
sel_umb,272,7/1/2011 2:10,23.521,100,23.2
sel_umb,273,7/1/2011 2:20,23.472,100,23.157
sel_umb,274,7/1/2011 2:30,23.424,100,23.107
sel_umb,275,7/1/2011 2:40,23.424,100,23.107
sel_umb,276,7/1/2011 2:50,23.4,100,23.089
sel_umb,277,7/1/2011 3:00,23.376,100,23.064
sel_umb,278,7/1/2011 3:10,23.352,100,23.043
sel_umb,279,7/1/2011 3:20,23.256,100,22.946
sel_umb,280,7/1/2011 3:30,23.28,100,22.975
sel_umb,281,7/1/2011 3:40,23.184,100,22.878
sel_umb,282,7/1/2011 3:50,23.184,100,22.878
sel_umb,283,7/1/2011 4:00,23.208,100,22.907
sel_umb,284,7/1/2011 4:10,23.184,100,22.878
sel_umb,285,7/1/2011 4:20,23.16,100,22.861
sel_umb,286,7/1/2011 4:30,23.16,100,22.861
sel_umb,287,7/1/2011 4:40,23.208,100,22.918
sel_umb,288,7/1/2011 4:50,23.184,100,22.893
sel_umb,289,7/1/2011 5:00,23.184,100,22.886
sel_umb,290,7/1/2011 5:10,23.16,100,22.864
sel_umb,291,7/1/2011 5:20,23.112,100,22.818
sel_umb,292,7/1/2011 5:30,23.04,100,22.743
sel_umb,293,7/1/2011 5:40,23.088,100,22.793
sel_umb,294,7/1/2011 5:50,23.208,100,22.915
sel_umb,295,7/1/2011 6:00,23.256,100,22.954
sel_umb,296,7/1/2011 6:10,23.352,100,23.046
sel_umb,297,7/1/2011 6:20,23.448,100,23.132
sel_umb,298,7/1/2011 6:30,23.593,100,23.271
sel_umb,299,7/1/2011 6:40,23.905,100,23.568
sel_umb,300,7/1/2011 6:50,24.195,99.869,23.821
sel_umb,301,7/1/2011 7:00,24.557,99.545,24.138
sel_umb,302,7/1/2011 7:10,24.726,99.326,24.276
sel_umb,303,7/1/2011 7:20,24.968,99.1,24.485
sel_umb,304,7/1/2011 7:30,25.162,98.541,24.597
sel_umb,305,7/1/2011 7:40,25.38,99.289,24.927
sel_umb,306,7/1/2011 7:50,25.987,99.981,25.64
sel_umb,307,7/1/2011 8:00,24.629,99.115,24.148
sel_umb,308,7/1/2011 8:10,23.881,99.575,23.463
sel_umb,309,7/1/2011 8:20,23.472,98.939,22.96
sel_umb,310,7/1/2011 8:30,23.304,97.997,22.654
sel_umb,311,7/1/2011 8:40,23.256,96.021,22.311
sel_umb,312,7/1/2011 8:50,23.28,92.696,21.824
sel_umb,313,7/1/2011 9:00,23.4,89.62,21.45
sel_umb,314,7/1/2011 9:10,23.497,88.515,21.363
sel_umb,315,7/1/2011 9:20,23.497,86.188,20.97
sel_umb,316,7/1/2011 9:30,23.617,85.491,20.969
sel_umb,317,7/1/2011 9:40,23.665,85.026,20.936
sel_umb,318,7/1/2011 9:50,23.665,84.69,20.877
sel_umb,319,7/1/2011 10:00,23.689,82.585,20.527
sel_umb,320,7/1/2011 10:10,23.785,82.096,20.533
sel_umb,321,7/1/2011 10:20,23.809,82.356,20.604
sel_umb,322,7/1/2011 10:30,23.905,80.73,20.401
sel_umb,323,7/1/2011 10:40,23.93,79.306,20.159
sel_umb,324,7/1/2011 10:50,24.05,69.102,18.207
sel_umb,325,7/1/2011 11:00,23.954,67.92,17.855
sel_umb,326,7/1/2011 11:10,24.002,66.46,17.573
sel_umb,327,7/1/2011 11:20,24.002,67.36,17.776
sel_umb,328,7/1/2011 11:30,23.954,65.246,17.249
sel_umb,329,7/1/2011 11:40,23.93,66.417,17.494
sel_umb,330,7/1/2011 11:50,23.954,64.067,16.973
sel_umb,331,7/1/2011 12:00,23.978,64.797,17.167
sel_umb,332,7/1/2011 12:10,23.978,63.312,16.817
sel_umb,333,7/1/2011 12:20,24.002,63.65,16.92
sel_umb,334,7/1/2011 12:30,23.954,63.46,16.829
sel_umb,335,7/1/2011 12:40,23.954,62.273,16.544
sel_umb,336,7/1/2011 12:50,23.905,63.27,16.738
sel_umb,337,7/1/2011 13:00,23.809,62.188,16.387
sel_umb,338,7/1/2011 13:10,23.857,61.83,16.345
sel_umb,339,7/1/2011 13:20,23.857,64.596,17.006
sel_umb,340,7/1/2011 13:30,23.809,61.853,16.305
sel_umb,341,7/1/2011 13:40,23.184,62.725,15.925
